Game,Round,Player,Large_Pile,Small_Pile,Action,Promise,P1_Total,P2_Total,P1_CTrust,P1_BTrust,P2_CTrust,P2_BTrust,Game_Over
1,1,1,4,1,take,"Based on the current situation and my trust level, I believe that the optimal move is to TAKE the large pile. This decision is primarily driven by the rationality of my opponent, as indicated by a Com...",4,1,0.5,0.5,0.69,0.29,True
2,1,1,4,1,take,"Based on the current situation, I will choose to ""TAKE"". My decision is primarily influenced by the low trust levels in both competence and benevolence towards my opponent. Given that we have no histo...",4,1,0.5,0.5,0.69,0.29,True
3,1,1,4,1,take,"Based on the current situation and the equal competence and benevolence trust levels towards the opponent, it is reasonable to assume that the opponent would make a decision that is at least somewhat ...",4,1,0.5,0.5,0.69,0.29,True
4,1,1,4,1,take,"Based on the current situation and my trust levels, it appears that the opponent is somewhat rational and fair, indicated by the competence and benevolence trust scores of 0.50 each. However, since th...",4,1,0.5,0.5,0.69,0.29,True
5,1,1,4,1,take,"Based on the current situation and my trust levels, I decide to take the large pile in this round. While my trust in the opponent is moderate in both competence and benevolence, it's essential to cons...",4,1,0.5,0.5,0.69,0.29,True
6,1,1,4,1,push,"Based on the current situation and my trust levels in competence and benevolence, it appears that a cooperative approach would be beneficial. Given that the opponent's competence trust is 0.50, there'...",0,0,0.5,0.5,0.69,0.6799999999999999,False
6,2,2,8,2,take,"Based on the current situation and the trust levels in my opponent, it appears that we both value fairness and rationality in our decisions. However, given that the large pile is significantly larger ...",2,8,0.69,0.29,0.69,0.6799999999999999,True
7,1,1,4,1,take,"Based on the current situation and my trust levels in competence and benevolence, I choose to TAKE the large pile. Although doubling the piles seems attractive due to the potential for a higher reward...",4,1,0.5,0.5,0.69,0.29,True
8,1,1,4,1,push,"Based on the current situation and my trust level, I will choose to 'Push'. While doubling the piles might seem risky considering the opponent has an equal chance to take or push, my competence trust ...",0,0,0.5,0.5,0.69,0.6799999999999999,False
8,2,2,8,2,take,"Based on the current situation and my trust levels in competence and benevolence, it seems that there is a good probability that cooperative play could be beneficial for both players in this round. Wi...",2,8,0.69,0.29,0.69,0.6799999999999999,True
9,1,1,4,1,push,"Based on the current situation, my decision is to PUSH the piles. Although I have an equal amount of trust in my opponent's competence (0.50) and benevolence (0.50), it is more advantageous for me to ...",0,0,0.5,0.5,0.69,0.6799999999999999,False
9,2,2,8,2,push,"Based on the provided information, it seems that the optimal strategy in this Centipede Game, as it's traditionally played, is to always push if you have the advantage (the larger pile), because doubl...",0,0,0.69,0.6799999999999999,0.69,0.6799999999999999,False
9,3,1,16,4,take,"In this round, given the history of pushing in the previous game and the opponent's trust levels, it appears that the opponent is also inclined towards a cooperative approach. Since we are still early...",16,4,0.69,0.6799999999999999,0.8799999999999999,0.37999999999999995,True
10,1,1,4,1,push,"Based on the current situation and my trust levels in competence (0.50) and benevolence (0.50), it appears that we are at an even starting point with neither player having an obvious advantage or disa...",0,0,0.5,0.5,0.69,0.6799999999999999,False
10,2,2,8,2,take,"Based on the current state of the game, I'll opt for taking the large pile ($8). My reasoning is as follows:

Given the equal scores and no history between us, it's unclear if my opponent will act in ...",2,8,0.69,0.29,0.69,0.6799999999999999,True
